{
  "POST /api/blog/10/like" : {
    "transaction" : "POST /api/blog/10/like",
    "sampleCount" : 500,
    "errorCount" : 0,
    "errorPct" : 0.0,
    "meanResTime" : 11.612000000000002,
    "medianResTime" : 11.0,
    "minResTime" : 9.0,
    "maxResTime" : 40.0,
    "pct1ResTime" : 14.0,
    "pct2ResTime" : 15.0,
    "pct3ResTime" : 19.0,
    "throughput" : 50.854353132628155,
    "receivedKBytesPerSec" : 10.354621707180634,
    "sentKBytesPerSec" : 9.67523933329943
  },
  "GET /api/blog/{random_id}" : {
    "transaction" : "GET /api/blog/{random_id}",
    "sampleCount" : 200,
    "errorCount" : 0,
    "errorPct" : 0.0,
    "meanResTime" : 5.510000000000002,
    "medianResTime" : 5.0,
    "minResTime" : 4.0,
    "maxResTime" : 30.0,
    "pct1ResTime" : 6.0,
    "pct2ResTime" : 7.0,
    "pct3ResTime" : 9.0,
    "throughput" : 42.319085907744395,
    "receivedKBytesPerSec" : 24.591356326703345,
    "sentKBytesPerSec" : 5.0450218869022425
  },
  "GET /api/blog/page?page=1&size=10" : {
    "transaction" : "GET /api/blog/page?page=1&size=10",
    "sampleCount" : 200,
    "errorCount" : 0,
    "errorPct" : 0.0,
    "meanResTime" : 21.86499999999999,
    "medianResTime" : 21.0,
    "minResTime" : 18.0,
    "maxResTime" : 43.0,
    "pct1ResTime" : 25.0,
    "pct2ResTime" : 27.0,
    "pct3ResTime" : 31.99000000000001,
    "throughput" : 41.10152075626798,
    "receivedKBytesPerSec" : 147.96186228421703,
    "sentKBytesPerSec" : 5.619348540896014
  },
  "Total" : {
    "transaction" : "Total",
    "sampleCount" : 900,
    "errorCount" : 0,
    "errorPct" : 0.0,
    "meanResTime" : 12.534444444444434,
    "medianResTime" : 11.0,
    "minResTime" : 4.0,
    "maxResTime" : 43.0,
    "pct1ResTime" : 22.0,
    "pct2ResTime" : 24.0,
    "pct3ResTime" : 27.0,
    "throughput" : 91.53783563873068,
    "receivedKBytesPerSec" : 95.4035610760781,
    "sentKBytesPerSec" : 14.881354410343775
  }
}